{
    "affinity_pred_value": 0.02136598899960518,
    "affinity_probability_binary": 0.24464058876037598,
    "affinity_pred_value1": 0.030860379338264465,
    "affinity_probability_binary1": 0.2560218572616577,
    "affinity_pred_value2": 0.011871598660945892,
    "affinity_probability_binary2": 0.23325932025909424
}