{
    "confidence_score": 0.8382056355476379,
    "ptm": 0.9109334349632263,
    "iptm": 0.7605584263801575,
    "ligand_iptm": 0.7605584263801575,
    "protein_iptm": 0.0,
    "complex_plddt": 0.8576174378395081,
    "complex_iplddt": 0.6503149271011353,
    "complex_pde": 0.7044870257377625,
    "complex_ipde": 3.3184492588043213,
    "chains_ptm": {
        "0": 0.9264321327209473,
        "1": 0.7289535999298096
    },
    "pair_chains_iptm": {
        "0": {
            "0": 0.9264321327209473,
            "1": 0.26254844665527344
        },
        "1": {
            "0": 0.7605584263801575,
            "1": 0.7289535999298096
        }
    }
}